{
  "openapi": "3.0.0",
  "info": {
    "title": "API do Most Wanted",
    "version": "1.0.0",
    "description": "API para consultar os mais procurados do FBI"
  },
  "servers": [
    {
      "url": "http://localhost:3000",
      "description": "Servidor de Desenvolvimento"
    }
  ],
  "paths": {
    "/most-wanted": {
      "get": {
        "summary": "Obtém a lista dos mais procurados",
        "responses": {
          "200": {
            "description": "Sucesso. Retorna a lista dos mais procurados.",
            "content": {
              "application/json": {
                "schema": {
                  "$ref": "#/components/schemas/MostWantedList"
                }
              }
            }
          },
          "500": {
            "description": "Falha ao obter a lista de mais procurados.",
            "content": {
              "application/json": {
                "schema": {
                  "$ref": "#/components/schemas/Error"
                }
              }
            }
          }
        }
      }
    },
    "/most-wanted/search": {
      "get": {
        "summary": "Pesquisa por nomes de procurados",
        "parameters": [
          {
            "in": "query",
            "name": "name",
            "schema": {
              "type": "string"
            },
            "required": true,
            "description": "Nome do procurado a ser pesquisado."
          }
        ],
        "responses": {
          "200": {
            "description": "Sucesso. Retorna os nomes dos procurados correspondentes à pesquisa.",
            "content": {
              "application/json": {
                "schema": {
                  "$ref": "#/components/schemas/WantedNames"
                }
              }
            }
          },
          "500": {
            "description": "Falha ao buscar por nomes de procurados.",
            "content": {
              "application/json": {
                "schema": {
                  "$ref": "#/components/schemas/Error"
                }
              }
            }
          }
        }
      }
    }
  },
  "components": {
    "schemas": {
      "MostWanted": {
        "type": "object",
        "properties": {
          "nome": {
            "type": "string"
          },
          "foto": {
            "type": "string"
          },
          "idade": {
            "type": "string"
          },
          "apelidos": {
            "type": "array",
            "items": {
              "type": "string"
            }
          },
          "details": {
            "type": "string"
          },
          "remarks": {
            "type": "string"
          },
          "assuntos": {
            "type": "array",
            "items": {
              "type": "string"
            }
          }
        }
      },
      "MostWantedList": {
        "type": "object",
        "properties": {
          "items": {
            "type": "array",
            "items": {
              "$ref": "#/components/schemas/MostWanted"
            }
          }
        }
      },
      "WantedNames": {
        "type": "object",
        "properties": {
          "wantedNames": {
            "type": "array",
            "items": {
              "type": "string"
            }
          }
        }
      },
      "Error": {
        "type": "object",
        "properties": {
          "error": {
            "type": "string"
          }
        }
      }
    }
  },
  "tags": []
}